timestamp,board,hostname,cpu_mhz,aes_hw,openssl_armcap,hw_accel_enabled,algorithm,construction,key_bytes,nonce_bytes,payload_bytes,reps,enc_median_ms,enc_iqr_ms,enc_mean_ms,enc_sd_ms,enc_min_ms,enc_max_ms,dec_median_ms,dec_iqr_ms,dec_mean_ms,dec_sd_ms,enc_throughput_mbs,dec_throughput_mbs,enc_cpu_time_s,dec_cpu_time_s,tracemalloc_peak_kb,rss_delta_kb,ciphertext_bytes,overhead_bytes,overhead_pct
2026-08-29T17:10:23,Raspberry Pi 5 Model B Rev 1.0,raspberrypi4,2400,True,0,False,Ascon-AEAD128,sponge,16,16,64,50,0.003777,7.4e-05,0.003873,0.000319,0.00374,0.005704,0.003797,5.5e-05,0.004565,0.004918,16.9447,16.8554,0.000208,0.000237,4.34,0.0,80,32,50.0
2026-08-29T17:10:24,Raspberry Pi 5 Model B Rev 1.0,raspberrypi4,2400,True,0,False,Ascon-AEAD128,sponge,16,16,256,50,0.004352,5.6e-05,0.0044,0.000157,0.004296,0.005185,0.004315,3.8e-05,0.004331,7.5e-05,58.8235,59.3279,0.000232,0.000224,4.8,0.0,272,32,12.5
2026-08-29T17:10:24,Raspberry Pi 5 Model B Rev 1.0,raspberrypi4,2400,True,0,False,Ascon-AEAD128,sponge,16,16,1024,50,0.006408,0.000167,0.006888,0.003033,0.00626,0.027852,0.006481,0.000148,0.006677,0.000716,159.8127,157.9881,0.000356,0.000345,7.91,0.0,1040,32,3.125
2026-08-29T17:10:24,Raspberry Pi 5 Model B Rev 1.0,raspberrypi4,2400,True,0,False,Ascon-AEAD128,sponge,16,16,4096,50,0.012991,0.000185,0.013078,0.00036,0.012685,0.014426,0.014472,0.003056,0.015113,0.001874,315.2952,283.0195,0.000665,0.000772,19.75,0.0,4112,32,0.781
2026-08-29T17:10:24,Raspberry Pi 5 Model B Rev 1.0,raspberrypi4,2400,True,0,False,Ascon-AEAD128,sponge,16,16,19200,50,0.04626,0.003352,0.048565,0.005033,0.044926,0.070445,0.045686,0.000685,0.046473,0.002951,415.0499,420.2646,0.002451,0.002342,78.75,0.0,19216,32,0.167
2026-08-29T17:10:24,Raspberry Pi 5 Model B Rev 1.0,raspberrypi4,2400,True,0,False,ChaCha20-Poly1305,stream + MAC,32,12,64,50,0.001657,0.000352,0.001826,0.000344,0.001592,0.003667,0.00163,1.9e-05,0.001669,0.000186,38.6124,39.2638,0.000107,9.2e-05,0.21,0.0,80,28,43.75
2026-08-29T17:10:24,Raspberry Pi 5 Model B Rev 1.0,raspberrypi4,2400,True,0,False,ChaCha20-Poly1305,stream + MAC,32,12,256,50,0.00226,0.000111,0.002594,0.00183,0.002222,0.015185,0.002278,2e-05,0.002306,0.000132,113.2743,112.3793,0.000128,0.000123,0.58,0.0,272,28,10.938
2026-08-29T17:10:24,Raspberry Pi 5 Model B Rev 1.0,raspberrypi4,2400,True,0,False,ChaCha20-Poly1305,stream + MAC,32,12,1024,50,0.004982,9.2e-05,0.005025,0.000125,0.004926,0.005685,0.005018,5.6e-05,0.005125,0.000335,205.5399,204.0653,0.000261,0.000266,2.08,0.0,1040,28,2.734
2026-08-29T17:10:24,Raspberry Pi 5 Model B Rev 1.0,raspberrypi4,2400,True,0,False,ChaCha20-Poly1305,stream + MAC,32,12,4096,50,0.015491,0.000111,0.015563,0.000244,0.015389,0.016574,0.016546,0.002055,0.017752,0.004963,264.4116,247.5448,0.000789,0.000906,8.08,0.0,4112,28,0.684
2026-08-29T17:10:24,Raspberry Pi 5 Model B Rev 1.0,raspberrypi4,2400,True,0,False,ChaCha20-Poly1305,stream + MAC,32,12,19200,50,0.067092,0.001259,0.068216,0.003249,0.06663,0.088167,0.067204,0.001056,0.068014,0.003502,286.1721,285.6994,0.003426,0.003414,37.58,0.0,19216,28,0.146
2026-08-29T17:10:24,Raspberry Pi 5 Model B Rev 1.0,raspberrypi4,2400,True,0,False,AES-128-GCM,"block, CTR + GHASH",16,12,64,50,0.002186,9.3e-05,0.002229,0.000148,0.002129,0.003111,0.002148,3.8e-05,0.002179,0.000144,29.2839,29.7952,0.000123,0.000117,0.21,0.0,80,28,43.75
2026-08-29T17:10:24,Raspberry Pi 5 Model B Rev 1.0,raspberrypi4,2400,True,0,False,AES-128-GCM,"block, CTR + GHASH",16,12,256,50,0.004018,0.000112,0.004083,0.000192,0.003945,0.004833,0.003944,3.7e-05,0.003975,0.000127,63.7133,64.9087,0.000214,0.000207,0.58,0.0,272,28,10.938
2026-08-29T17:10:24,Raspberry Pi 5 Model B Rev 1.0,raspberrypi4,2400,True,0,False,AES-128-GCM,"block, CTR + GHASH",16,12,1024,50,0.011472,0.00013,0.011509,0.000166,0.01137,0.012334,0.011389,0.000111,0.011519,0.000343,89.2569,89.9113,0.000586,0.000586,2.08,0.0,1040,28,2.734
2026-08-29T17:10:24,Raspberry Pi 5 Model B Rev 1.0,raspberrypi4,2400,True,0,False,AES-128-GCM,"block, CTR + GHASH",16,12,4096,50,0.040519,0.000278,0.041108,0.00311,0.040315,0.062352,0.040482,0.000444,0.040938,0.001567,101.0896,101.182,0.002068,0.00206,8.08,0.0,4112,28,0.684
2026-08-29T17:10:24,Raspberry Pi 5 Model B Rev 1.0,raspberrypi4,2400,True,0,False,AES-128-GCM,"block, CTR + GHASH",16,12,19200,50,0.183444,0.004962,0.186456,0.005909,0.182723,0.212538,0.182704,0.000445,0.183577,0.003789,104.6638,105.0877,0.009344,0.00919,37.58,0.0,19216,28,0.146
2026-08-29T17:10:24,Raspberry Pi 5 Model B Rev 1.0,raspberrypi4,2400,True,0,False,AES-256-GCM,"block, CTR + GHASH",32,12,64,50,0.002278,0.000129,0.002359,0.000219,0.002241,0.003593,0.002278,3.7e-05,0.002288,7.9e-05,28.0948,28.0948,0.000128,0.000122,0.21,0.0,80,28,43.75
2026-08-29T17:10:24,Raspberry Pi 5 Model B Rev 1.0,raspberrypi4,2400,True,0,False,AES-256-GCM,"block, CTR + GHASH",32,12,256,50,0.004426,5.5e-05,0.00451,0.000226,0.004389,0.005426,0.004389,3.7e-05,0.004434,0.000115,57.84,58.3276,0.000236,0.000231,0.58,0.0,272,28,10.938
2026-08-29T17:10:24,Raspberry Pi 5 Model B Rev 1.0,raspberrypi4,2400,True,0,False,AES-256-GCM,"block, CTR + GHASH",32,12,1024,50,0.013148,0.00013,0.013237,0.000274,0.013074,0.014778,0.013268,0.001481,0.01456,0.005094,77.8826,77.1782,0.000673,0.000742,2.08,0.0,1040,28,2.734
2026-08-29T17:10:24,Raspberry Pi 5 Model B Rev 1.0,raspberrypi4,2400,True,0,False,AES-256-GCM,"block, CTR + GHASH",32,12,4096,50,0.04726,0.001759,0.048695,0.004352,0.047037,0.076464,0.047129,0.000389,0.047367,0.000668,86.6695,86.9095,0.002451,0.002382,8.08,0.0,4112,28,0.684
2026-08-29T17:10:24,Raspberry Pi 5 Model B Rev 1.0,raspberrypi4,2400,True,0,False,AES-256-GCM,"block, CTR + GHASH",32,12,19200,50,0.214945,0.005037,0.218643,0.007357,0.21439,0.245537,0.214362,0.000407,0.214626,0.000817,89.3252,89.5681,0.010956,0.010743,37.58,0.0,19216,28,0.146
2026-08-29T17:10:24,Raspberry Pi 5 Model B Rev 1.0,raspberrypi4,2400,True,0,False,AES-128-CCM,"block, CTR + CBC-MAC",16,12,64,50,0.00276,9.3e-05,0.002833,0.00019,0.002722,0.003648,0.002722,3.7e-05,0.002762,0.000173,23.1884,23.5121,0.000152,0.000146,0.21,0.0,80,28,43.75
2026-08-29T17:10:24,Raspberry Pi 5 Model B Rev 1.0,raspberrypi4,2400,True,0,False,AES-128-CCM,"block, CTR + CBC-MAC",16,12,256,50,0.004538,9.2e-05,0.004618,0.000244,0.0045,0.006056,0.004583,1.9e-05,0.00461,0.000116,56.4125,55.8525,0.000241,0.000239,0.58,0.0,272,28,10.938
2026-08-29T17:10:24,Raspberry Pi 5 Model B Rev 1.0,raspberrypi4,2400,True,0,False,AES-128-CCM,"block, CTR + CBC-MAC",16,12,1024,50,0.012,0.00011,0.01209,0.000234,0.011945,0.01313,0.012232,0.000704,0.012498,0.000761,85.3333,83.7148,0.000615,0.000638,2.08,0.0,1040,28,2.734
2026-08-29T17:10:24,Raspberry Pi 5 Model B Rev 1.0,raspberrypi4,2400,True,0,False,AES-128-CCM,"block, CTR + CBC-MAC",16,12,4096,50,0.041435,0.00026,0.041646,0.000688,0.041259,0.044981,0.041592,0.0005,0.041906,0.001294,98.8536,98.4793,0.002094,0.002112,8.08,0.0,4112,28,0.684
2026-08-29T17:10:25,Raspberry Pi 5 Model B Rev 1.0,raspberrypi4,2400,True,0,False,AES-128-CCM,"block, CTR + CBC-MAC",16,12,19200,50,0.18613,0.005352,0.190442,0.011309,0.18526,0.25576,0.185483,0.000574,0.185855,0.001667,103.1534,103.5138,0.009521,0.009298,37.58,0.0,19216,28,0.146
